steps,time,reward,delta,converged
1,0.0953749999999971,2.066423210556835,0.1287955675577402,False
2,0.19401200000000074,5.562979037322058,0.0028316800531068415,False
3,0.19321999999999662,5.591534387243111,8.511855485352697e-06,False
4,0.19438499999999692,5.591597611301502,8.511855485352697e-06,False
5,0.19753400000000454,5.5916047991318685,8.511855485352697e-06,False
6,0.1985910000000004,5.591605169481164,8.511855485352697e-06,False
7,0.1912279999999953,5.5916051737344725,8.511855485352697e-06,True
