steps,time,reward,delta,converged
1,0.00266299999999986,0.6666666666666666,0.08333333333333331,False
2,0.002621999999999902,0.6666666666666666,0,True
