steps,time,reward,delta,converged
1,0.017472000000001486,0.6666666666666666,0.08333333333333331,False
2,0.016562999999997885,0.6666666666666666,0,True
