steps,time,reward,delta,converged
1,0.03126800000000074,0.7656509747049592,0.08818706536446613,False
2,0.030507000000000062,0.8068245824111153,8.979444190418127e-07,True
