steps,time,reward,delta,converged
1,0.00111599999999612,0.6666666666666666,0.3333333333333333,False
2,0.001018999999999437,0.96,0.08000000000000002,False
3,0.0009320000000059281,1.1088,0.032000000000000015,False
4,0.0012200000000035516,1.181952,0.012800000000000006,False
5,0.0009349999999983538,1.2186692266666665,0.0050133333333333314,False
6,0.0009360000000100399,1.2373511167999998,0.0023466666666666636,False
7,0.0009850000000000136,1.2468604791466664,0.001050043733333339,False
8,0.0010259999999959746,1.2517369763703465,0.0004797849600000001,False
9,0.0009720000000044138,1.2542597920260095,0.00022753307306666755,False
10,0.00097699999999179,1.2555738756515975,0.00010453750033066582,False
11,0.0015520000000037726,1.2562615974357332,5.13835466751998e-05,False
12,0.0017919999999946867,1.256622173104068,2.439541328008504e-05,False
13,0.0009519999999980655,1.2568111257593388,1.375516666538663e-05,False
14,0.0009739999999993643,1.2569099216811297,7.871771264942001e-06,True
