steps,time,reward,delta,converged
1,0.0011729999999943175,0.6666666666666666,0.3333333333333333,False
2,0.0009569999999996526,0.8066666666666666,0.03666666666666668,False
3,0.0009140000000087412,0.8401333333333333,0.0073333333333333375,False
4,0.0010170000000044865,0.8477663333333333,0.0012833333333333308,False
5,0.0009140000000087412,0.8495252766666666,0.00025333333333333284,False
6,0.0009110000000021046,0.8499290206999999,5.069999999999988e-05,False
7,0.0013430000000056452,0.8500204540516665,1.0171000000000008e-05,False
8,0.0010219999999918628,0.8500413290473698,2.145536666666565e-06,True
