steps,time,reward,delta,converged
1,0.0012329999999991514,0.6666666666666666,0.3333333333333333,False
2,0.0009480000000081645,0.6666666666666666,0,True
