steps,time,reward,delta,converged
1,0.0064530000000075916,0.6666666666666666,0.3333333333333333,False
2,0.006507999999996628,0.6666666666666666,0,True
